"Baldwin-Whitehall School District","1","1008","50","50"
"1","NeedGoogleMapsAPIKey","40.3627248","-80.0008964","1"
"2","NeedGoogleMapsAPIKey","40.3641475","-79.9983186","1"
"3","NeedGoogleMapsAPIKey","40.3653614","-79.9979437","1"
"4","NeedGoogleMapsAPIKey","40.3653614","-79.9979437","1"
"5","NeedGoogleMapsAPIKey","40.3653614","-79.9979437","1"
"6","NeedGoogleMapsAPIKey","40.3653614","-79.9979437","1"
"7","NeedGoogleMapsAPIKey","40.3653614","-79.9979437","1"
"8","NeedGoogleMapsAPIKey","40.3653614","-79.9979437","1"
"9","NeedGoogleMapsAPIKey","40.3659208","-79.999772","1"
"10","NeedGoogleMapsAPIKey","40.3653614","-79.9979437","1"
"11","NeedGoogleMapsAPIKey","40.3641475","-79.9983186","1"
"12","NeedGoogleMapsAPIKey","40.3653614","-79.9979437","1"
"13","NeedGoogleMapsAPIKey","40.3641475","-79.9983186","1"
"14","NeedGoogleMapsAPIKey","40.3641475","-79.9983186","1"
"15","NeedGoogleMapsAPIKey","40.3653614","-79.9979437","1"
"16","NeedGoogleMapsAPIKey","40.3641475","-79.9983186","1"
"17","NeedGoogleMapsAPIKey","40.3649543","-80.000797","1"
"18","NeedGoogleMapsAPIKey","40.3653614","-79.9979437","1"
"19","NeedGoogleMapsAPIKey","40.3655547","-80.0014635","1"
"20","NeedGoogleMapsAPIKey","40.3641475","-79.9983186","1"
"21","NeedGoogleMapsAPIKey","40.3641475","-79.9983186","1"
"22","NeedGoogleMapsAPIKey","40.3657705","-80.0018613","1"
"23","NeedGoogleMapsAPIKey","40.3641475","-79.9983186","1"
"24","NeedGoogleMapsAPIKey","40.3641475","-79.9983186","1"
"25","NeedGoogleMapsAPIKey","40.3653614","-79.9979437","1"
"26","NeedGoogleMapsAPIKey","40.3641475","-79.9983186","1"
"27","NeedGoogleMapsAPIKey","40.3653614","-79.9979437","1"
"28","NeedGoogleMapsAPIKey","40.3653614","-79.9979437","1"
"29","NeedGoogleMapsAPIKey","40.3653614","-79.9979437","1"
"30","NeedGoogleMapsAPIKey","40.3641475","-79.9983186","1"
"31","NeedGoogleMapsAPIKey","40.3653614","-79.9979437","1"
"32","NeedGoogleMapsAPIKey","40.3653614","-79.9979437","1"
"33","NeedGoogleMapsAPIKey","40.3641475","-79.9983186","1"
"34","NeedGoogleMapsAPIKey","40.3653614","-79.9979437","1"
"35","NeedGoogleMapsAPIKey","40.3653614","-79.9979437","1"
"36","NeedGoogleMapsAPIKey","40.3641475","-79.9983186","1"
"37","NeedGoogleMapsAPIKey","40.365877","-80.0005549","1"
"38","NeedGoogleMapsAPIKey","40.3653614","-79.9979437","1"
"39","NeedGoogleMapsAPIKey","40.3641475","-79.9983186","1"
"40","NeedGoogleMapsAPIKey","40.3641475","-79.9983186","1"
"41","NeedGoogleMapsAPIKey","40.3653614","-79.9979437","1"
"42","NeedGoogleMapsAPIKey","40.3641475","-79.9983186","1"
"43","NeedGoogleMapsAPIKey","40.3641475","-79.9983186","1"
"44","NeedGoogleMapsAPIKey","40.3644756","-80.0001374","1"
"45","NeedGoogleMapsAPIKey","40.3641475","-79.9983186","1"
"46","NeedGoogleMapsAPIKey","40.3653614","-79.9979437","1"
"47","NeedGoogleMapsAPIKey","40.3653614","-79.9979437","1"
"48","NeedGoogleMapsAPIKey","40.3653614","-79.9979437","1"
"49","NeedGoogleMapsAPIKey","40.364867","-80.0004559","1"
"50","NeedGoogleMapsAPIKey","40.3641475","-79.9983186","1"
"51","NeedGoogleMapsAPIKey","40.3641475","-79.9983186","1"
"52","NeedGoogleMapsAPIKey","40.3653614","-79.9979437","1"
"53","NeedGoogleMapsAPIKey","40.3641475","-79.9983186","1"
"54","NeedGoogleMapsAPIKey","40.3653614","-79.9979437","1"
"55","NeedGoogleMapsAPIKey","40.3661245","-80.0012373","1"
"56","NeedGoogleMapsAPIKey","40.3653614","-79.9979437","1"
"57","NeedGoogleMapsAPIKey","40.3641475","-79.9983186","1"
"58","NeedGoogleMapsAPIKey","40.3665993","-79.9998866","1"
"59","NeedGoogleMapsAPIKey","40.3653614","-79.9979437","1"
"60","NeedGoogleMapsAPIKey","40.3641475","-79.9983186","1"
"61","NeedGoogleMapsAPIKey","40.3641475","-79.9983186","1"
"62","NeedGoogleMapsAPIKey","40.3653614","-79.9979437","1"
"63","NeedGoogleMapsAPIKey","40.3653614","-79.9979437","1"
"64","NeedGoogleMapsAPIKey","40.3653614","-79.9979437","1"
"65","NeedGoogleMapsAPIKey","40.3646212","-79.999911","1"
"66","NeedGoogleMapsAPIKey","40.3653614","-79.9979437","1"
"67","NeedGoogleMapsAPIKey","40.3653614","-79.9979437","1"
"68","NeedGoogleMapsAPIKey","40.3641475","-79.9983186","1"
"69","NeedGoogleMapsAPIKey","40.3653614","-79.9979437","1"
"70","NeedGoogleMapsAPIKey","40.3641475","-79.9983186","1"
"71","NeedGoogleMapsAPIKey","40.3653614","-79.9979437","1"
"72","NeedGoogleMapsAPIKey","40.3641475","-79.9983186","1"
"73","NeedGoogleMapsAPIKey","40.3653614","-79.9979437","1"
"74","NeedGoogleMapsAPIKey","40.3653094","-79.999808","1"
"75","NeedGoogleMapsAPIKey","40.3653614","-79.9979437","1"
"76","NeedGoogleMapsAPIKey","40.3641475","-79.9983186","1"
"77","NeedGoogleMapsAPIKey","40.3641475","-79.9983186","1"
"78","NeedGoogleMapsAPIKey","40.3665419","-80.0008994","1"
"79","NeedGoogleMapsAPIKey","40.3641475","-79.9983186","1"
"80","NeedGoogleMapsAPIKey","40.3629418","-79.9983725","1"
"81","NeedGoogleMapsAPIKey","40.3653614","-79.9979437","1"
"82","NeedGoogleMapsAPIKey","40.3653614","-79.9979437","1"
"83","NeedGoogleMapsAPIKey","40.3653614","-79.9979437","1"
"84","NeedGoogleMapsAPIKey","40.3653614","-79.9979437","1"
"85","NeedGoogleMapsAPIKey","40.3665091","-80.0006499","1"
"86","NeedGoogleMapsAPIKey","40.3641475","-79.9983186","1"
"87","NeedGoogleMapsAPIKey","40.3653614","-79.9979437","1"
"88","NeedGoogleMapsAPIKey","40.3641475","-79.9983186","1"
"89","NeedGoogleMapsAPIKey","40.3641475","-79.9983186","1"
"90","NeedGoogleMapsAPIKey","40.3647787","-80.0005635","1"
"91","NeedGoogleMapsAPIKey","40.3641475","-79.9983186","1"
"92","NeedGoogleMapsAPIKey","40.3641475","-79.9983186","1"
"93","NeedGoogleMapsAPIKey","40.3653614","-79.9979437","1"
"94","NeedGoogleMapsAPIKey","40.3641475","-79.9983186","1"
"95","NeedGoogleMapsAPIKey","40.3653614","-79.9979437","1"
"96","NeedGoogleMapsAPIKey","40.3654592","-79.9998008","1"
"97","NeedGoogleMapsAPIKey","40.3653614","-79.9979437","1"
"98","NeedGoogleMapsAPIKey","40.3653614","-79.9979437","1"
"99","NeedGoogleMapsAPIKey","40.3632924","-80.0013081","1"
"100","NeedGoogleMapsAPIKey","40.3653614","-79.9979437","1"
"101","NeedGoogleMapsAPIKey","40.3656428","-80.0016513","1"
"102","NeedGoogleMapsAPIKey","40.3653614","-79.9979437","1"
"103","NeedGoogleMapsAPIKey","40.3661499","-80.0013459","1"
"104","NeedGoogleMapsAPIKey","40.3653614","-79.9979437","1"
"105","NeedGoogleMapsAPIKey","40.365372","-80.000555","1"
"106","NeedGoogleMapsAPIKey","40.364015","-80.0011168","1"
"107","NeedGoogleMapsAPIKey","40.3651878","-80.0017913","1"
"108","NeedGoogleMapsAPIKey","40.3641475","-79.9983186","1"
"109","NeedGoogleMapsAPIKey","40.3641475","-79.9983186","1"
"110","NeedGoogleMapsAPIKey","40.3653614","-79.9979437","1"
"111","NeedGoogleMapsAPIKey","40.3653614","-79.9979437","1"
"112","NeedGoogleMapsAPIKey","40.3641475","-79.9983186","1"
"113","NeedGoogleMapsAPIKey","40.3657205","-80.0017494","1"
"114","NeedGoogleMapsAPIKey","40.3659442","-80.0008784","1"
"115","NeedGoogleMapsAPIKey","40.3641475","-79.9983186","1"
"116","NeedGoogleMapsAPIKey","40.3653614","-79.9979437","1"
"117","NeedGoogleMapsAPIKey","40.3653614","-79.9979437","1"
"118","NeedGoogleMapsAPIKey","40.3641475","-79.9983186","1"
"119","NeedGoogleMapsAPIKey","40.3646048","-79.9999909","1"
"120","NeedGoogleMapsAPIKey","40.3641475","-79.9983186","1"
"121","NeedGoogleMapsAPIKey","40.3641475","-79.9983186","1"
"122","NeedGoogleMapsAPIKey","40.3641475","-79.9983186","1"
"123","NeedGoogleMapsAPIKey","40.3650291","-80.001213","1"
"124","NeedGoogleMapsAPIKey","40.3641475","-79.9983186","1"
"125","NeedGoogleMapsAPIKey","40.3641475","-79.9983186","1"
"126","NeedGoogleMapsAPIKey","40.3653614","-79.9979437","1"
"127","NeedGoogleMapsAPIKey","40.3641475","-79.9983186","1"
"128","NeedGoogleMapsAPIKey","40.3653614","-79.9979437","1"
"129","NeedGoogleMapsAPIKey","40.3653614","-79.9979437","1"
"130","NeedGoogleMapsAPIKey","40.3651466","-80.0016642","1"
"131","NeedGoogleMapsAPIKey","40.3653614","-79.9979437","1"
"132","NeedGoogleMapsAPIKey","40.3653614","-79.9979437","1"
"133","NeedGoogleMapsAPIKey","40.3667681","-79.9999302","1"
"134","NeedGoogleMapsAPIKey","40.3653614","-79.9979437","1"
"135","NeedGoogleMapsAPIKey","40.3641475","-79.9983186","1"
"136","NeedGoogleMapsAPIKey","40.3653614","-79.9979437","1"
"137","NeedGoogleMapsAPIKey","40.3641475","-79.9983186","1"
"138","NeedGoogleMapsAPIKey","40.36517","-80.00173","1"
"139","NeedGoogleMapsAPIKey","40.3653614","-79.9979437","1"
"140","NeedGoogleMapsAPIKey","40.366856","-79.9999671","1"
"141","NeedGoogleMapsAPIKey","40.3653614","-79.9979437","1"
"142","NeedGoogleMapsAPIKey","40.3641475","-79.9983186","1"
"143","NeedGoogleMapsAPIKey","40.365591","-80.001389","1"
"144","NeedGoogleMapsAPIKey","40.3641475","-79.9983186","1"
"145","NeedGoogleMapsAPIKey","40.3641475","-79.9983186","1"
"146","NeedGoogleMapsAPIKey","40.3641475","-79.9983186","1"
"147","NeedGoogleMapsAPIKey","40.3653614","-79.9979437","1"
"148","NeedGoogleMapsAPIKey","40.3653614","-79.9979437","1"
"149","NeedGoogleMapsAPIKey","40.3651283","-80.0016037","1"
"150","NeedGoogleMapsAPIKey","40.3641475","-79.9983186","1"
"151","NeedGoogleMapsAPIKey","40.3653614","-79.9979437","1"
"152","NeedGoogleMapsAPIKey","40.3653614","-79.9979437","1"
"153","NeedGoogleMapsAPIKey","40.3641475","-79.9983186","1"
"154","NeedGoogleMapsAPIKey","40.366352","-79.9998255","1"
"155","NeedGoogleMapsAPIKey","40.3653614","-79.9979437","1"
"156","NeedGoogleMapsAPIKey","40.3641475","-79.9983186","1"
"157","NeedGoogleMapsAPIKey","40.3644632","-80.0012509","1"
"158","NeedGoogleMapsAPIKey","40.3658597","-79.999784","1"
"159","NeedGoogleMapsAPIKey","40.3653614","-79.9979437","1"
"160","NeedGoogleMapsAPIKey","40.3653614","-79.9979437","1"
"161","NeedGoogleMapsAPIKey","40.3653614","-79.9979437","1"
"162","NeedGoogleMapsAPIKey","40.3641475","-79.9983186","1"
"163","NeedGoogleMapsAPIKey","40.3653614","-79.9979437","1"
"164","NeedGoogleMapsAPIKey","40.3641475","-79.9983186","1"
"165","NeedGoogleMapsAPIKey","40.3641475","-79.9983186","1"
"166","NeedGoogleMapsAPIKey","40.3653614","-79.9979437","1"
"167","NeedGoogleMapsAPIKey","40.3645767","-80.0016567","1"
"168","NeedGoogleMapsAPIKey","40.3666875","-79.9999055","1"
"169","NeedGoogleMapsAPIKey","40.3653614","-79.9979437","1"
"170","NeedGoogleMapsAPIKey","40.3653614","-79.9979437","1"
"171","NeedGoogleMapsAPIKey","40.3653614","-79.9979437","1"
"172","NeedGoogleMapsAPIKey","40.3653614","-79.9979437","1"
"173","NeedGoogleMapsAPIKey","40.3641475","-79.9983186","1"
"174","NeedGoogleMapsAPIKey","40.3653614","-79.9979437","1"
"175","NeedGoogleMapsAPIKey","40.3653614","-79.9979437","1"
"176","NeedGoogleMapsAPIKey","40.3641475","-79.9983186","1"
"177","NeedGoogleMapsAPIKey","40.3653614","-79.9979437","1"
"178","NeedGoogleMapsAPIKey","40.3641475","-79.9983186","1"
"179","NeedGoogleMapsAPIKey","40.3641475","-79.9983186","1"
"180","NeedGoogleMapsAPIKey","40.3641475","-79.9983186","1"
"181","NeedGoogleMapsAPIKey","40.3657954","-79.9997819","1"
"182","NeedGoogleMapsAPIKey","40.3653614","-79.9979437","1"
"183","NeedGoogleMapsAPIKey","40.3653614","-79.9979437","1"
"184","NeedGoogleMapsAPIKey","40.3636716","-80.0016459","1"
"185","NeedGoogleMapsAPIKey","40.3641475","-79.9983186","1"
"186","NeedGoogleMapsAPIKey","40.363787","-80.0006274","1"
"187","NeedGoogleMapsAPIKey","40.3641475","-79.9983186","1"
"188","NeedGoogleMapsAPIKey","40.3641475","-79.9983186","1"
"189","NeedGoogleMapsAPIKey","40.3653614","-79.9979437","1"
"190","NeedGoogleMapsAPIKey","40.3653614","-79.9979437","1"
"191","NeedGoogleMapsAPIKey","40.3653614","-79.9979437","1"
"192","NeedGoogleMapsAPIKey","40.3641475","-79.9983186","1"
"193","NeedGoogleMapsAPIKey","40.3653614","-79.9979437","1"
"194","NeedGoogleMapsAPIKey","40.3653614","-79.9979437","1"
"195","NeedGoogleMapsAPIKey","40.3641475","-79.9983186","1"
"196","NeedGoogleMapsAPIKey","40.3641475","-79.9983186","1"
"197","NeedGoogleMapsAPIKey","40.3661027","-80.0011444","1"
"198","NeedGoogleMapsAPIKey","40.3641475","-79.9983186","1"
"199","NeedGoogleMapsAPIKey","40.3653614","-79.9979437","1"
"200","NeedGoogleMapsAPIKey","40.3641475","-79.9983186","1"
"201","NeedGoogleMapsAPIKey","40.3641475","-79.9983186","1"
"202","NeedGoogleMapsAPIKey","40.3653614","-79.9979437","1"
"203","NeedGoogleMapsAPIKey","40.3653614","-79.9979437","1"
"204","NeedGoogleMapsAPIKey","40.3641475","-79.9983186","1"
"205","NeedGoogleMapsAPIKey","40.3653614","-79.9979437","1"
"206","NeedGoogleMapsAPIKey","40.3641475","-79.9983186","1"
"207","NeedGoogleMapsAPIKey","40.3655945","-80.0013083","1"
"208","NeedGoogleMapsAPIKey","40.3641475","-79.9983186","1"
"209","NeedGoogleMapsAPIKey","40.3660613","-80.0010417","1"
"210","NeedGoogleMapsAPIKey","40.3641475","-79.9983186","1"
"211","NeedGoogleMapsAPIKey","40.3641475","-79.9983186","1"
"212","NeedGoogleMapsAPIKey","40.3653614","-79.9979437","1"
"213","NeedGoogleMapsAPIKey","40.3641475","-79.9983186","1"
"214","NeedGoogleMapsAPIKey","40.3653614","-79.9979437","1"
"215","NeedGoogleMapsAPIKey","40.3641475","-79.9983186","1"
"216","NeedGoogleMapsAPIKey","40.3641475","-79.9983186","1"
"217","NeedGoogleMapsAPIKey","40.3641475","-79.9983186","1"
"218","NeedGoogleMapsAPIKey","40.3653614","-79.9979437","1"
"219","NeedGoogleMapsAPIKey","40.3653614","-79.9979437","1"
"220","NeedGoogleMapsAPIKey","40.3653614","-79.9979437","1"
"221","NeedGoogleMapsAPIKey","40.3653614","-79.9979437","1"
"222","NeedGoogleMapsAPIKey","40.3641475","-79.9983186","1"
"223","NeedGoogleMapsAPIKey","40.3653594","-79.9998057","1"
"224","NeedGoogleMapsAPIKey","40.3659816","-79.9997694","1"
"225","NeedGoogleMapsAPIKey","40.3641475","-79.9983186","1"
"226","NeedGoogleMapsAPIKey","40.3653614","-79.9979437","1"
"227","NeedGoogleMapsAPIKey","40.3651222","-80.001452","1"
"228","NeedGoogleMapsAPIKey","40.3653614","-79.9979437","1"
"229","NeedGoogleMapsAPIKey","40.3653614","-79.9979437","1"
"230","NeedGoogleMapsAPIKey","40.3653614","-79.9979437","1"
"231","NeedGoogleMapsAPIKey","40.3641475","-79.9983186","1"
"232","NeedGoogleMapsAPIKey","40.3653614","-79.9979437","1"
"233","NeedGoogleMapsAPIKey","40.3390058","-79.9802957","1"
"234","NeedGoogleMapsAPIKey","40.3392113","-79.9792536","1"
"235","NeedGoogleMapsAPIKey","40.338959","-79.9790241","1"
"236","NeedGoogleMapsAPIKey","40.3393004","-79.9790846","1"
"237","NeedGoogleMapsAPIKey","40.3396697","-79.9794219","1"
"238","NeedGoogleMapsAPIKey","40.3400673","-79.9804791","1"
"239","NeedGoogleMapsAPIKey","40.3400673","-79.9804791","1"
"240","NeedGoogleMapsAPIKey","40.3391256","-79.9789135","1"
"241","NeedGoogleMapsAPIKey","40.3383024","-79.9820184","1"
"242","NeedGoogleMapsAPIKey","40.3384872","-79.9786534","1"
"243","NeedGoogleMapsAPIKey","40.3396229","-79.9800165","1"
"244","NeedGoogleMapsAPIKey","40.3393004","-79.9790846","1"
"245","NeedGoogleMapsAPIKey","40.3393069","-79.9795697","1"
"246","NeedGoogleMapsAPIKey","40.340429","-79.9802646","1"
"247","NeedGoogleMapsAPIKey","40.3400673","-79.9804791","1"
"248","NeedGoogleMapsAPIKey","40.3386443","-79.9802422","1"
"249","NeedGoogleMapsAPIKey","40.339161","-79.9801005","1"
"250","NeedGoogleMapsAPIKey","40.3364962","-79.9803009","1"
"251","NeedGoogleMapsAPIKey","40.3398791","-79.9791004","1"
"252","NeedGoogleMapsAPIKey","40.3392945","-79.9784114","1"
"253","NeedGoogleMapsAPIKey","40.3396465","-79.9808592","1"
"254","NeedGoogleMapsAPIKey","40.3399017","-79.9810718","1"
"255","NeedGoogleMapsAPIKey","40.3392945","-79.9784114","1"
"256","NeedGoogleMapsAPIKey","40.3396465","-79.9808592","1"
"257","NeedGoogleMapsAPIKey","40.3384872","-79.9786534","1"
"258","NeedGoogleMapsAPIKey","40.339161","-79.9801005","1"
"259","NeedGoogleMapsAPIKey","40.3396465","-79.9808592","1"
"260","NeedGoogleMapsAPIKey","40.339161","-79.9801005","1"
"261","NeedGoogleMapsAPIKey","40.3396465","-79.9808592","1"
"262","NeedGoogleMapsAPIKey","40.3393004","-79.9790846","1"
"263","NeedGoogleMapsAPIKey","40.3395423","-79.9785647","1"
"264","NeedGoogleMapsAPIKey","40.3399475","-79.9803792","1"
"265","NeedGoogleMapsAPIKey","40.3398791","-79.9791004","1"
"266","NeedGoogleMapsAPIKey","40.3402181","-79.9793634","1"
"267","NeedGoogleMapsAPIKey","40.3386604","-79.9811984","1"
"268","NeedGoogleMapsAPIKey","40.3396506","-79.9800626","1"
"269","NeedGoogleMapsAPIKey","40.3396465","-79.9808592","1"
"270","NeedGoogleMapsAPIKey","40.3376498","-79.9813348","1"
"271","NeedGoogleMapsAPIKey","40.3396949","-79.9786948","1"
"272","NeedGoogleMapsAPIKey","40.3380504","-79.9813939","1"
"273","NeedGoogleMapsAPIKey","40.3399017","-79.9810718","1"
"274","NeedGoogleMapsAPIKey","40.3388747","-79.9797552","1"
"275","NeedGoogleMapsAPIKey","40.3395423","-79.9785647","1"
"276","NeedGoogleMapsAPIKey","40.3393004","-79.9790846","1"
"277","NeedGoogleMapsAPIKey","40.340429","-79.9802646","1"
"278","NeedGoogleMapsAPIKey","40.3392945","-79.9784114","1"
"279","NeedGoogleMapsAPIKey","40.3404628","-79.9804753","1"
"280","NeedGoogleMapsAPIKey","40.3404618","-79.9805226","1"
"281","NeedGoogleMapsAPIKey","40.3392945","-79.9784114","1"
"282","NeedGoogleMapsAPIKey","40.3396465","-79.9808592","1"
"283","NeedGoogleMapsAPIKey","40.3377314","-79.9820978","1"
"284","NeedGoogleMapsAPIKey","40.3398791","-79.9791004","1"
"285","NeedGoogleMapsAPIKey","40.3370305","-79.9814503","1"
"286","NeedGoogleMapsAPIKey","40.3396465","-79.9808592","1"
"287","NeedGoogleMapsAPIKey","40.3395423","-79.9785647","1"
"288","NeedGoogleMapsAPIKey","40.3402181","-79.9793634","1"
"289","NeedGoogleMapsAPIKey","40.340429","-79.9802646","1"
"290","NeedGoogleMapsAPIKey","40.3384872","-79.9786534","1"
"291","NeedGoogleMapsAPIKey","40.3370017","-79.9797463","1"
"292","NeedGoogleMapsAPIKey","40.3390058","-79.9802957","1"
"293","NeedGoogleMapsAPIKey","40.3374047","-79.9818229","1"
"294","NeedGoogleMapsAPIKey","40.3400545","-79.9812338","1"
"295","NeedGoogleMapsAPIKey","40.340429","-79.9802646","1"
"296","NeedGoogleMapsAPIKey","40.3391256","-79.9789135","1"
"297","NeedGoogleMapsAPIKey","40.338959","-79.9790241","1"
"298","NeedGoogleMapsAPIKey","40.3387507","-79.9799464","1"
"299","NeedGoogleMapsAPIKey","40.3397867","-79.9795859","1"
"300","NeedGoogleMapsAPIKey","40.3385873","-79.9783412","1"
"301","NeedGoogleMapsAPIKey","40.3378014","-79.981958","1"
"302","NeedGoogleMapsAPIKey","40.3379112","-79.9817593","1"
"303","NeedGoogleMapsAPIKey","40.3369071","-79.9817146","1"
"304","NeedGoogleMapsAPIKey","40.3364237","-79.9817062","1"
"305","NeedGoogleMapsAPIKey","40.3393181","-79.9806326","1"
"306","NeedGoogleMapsAPIKey","40.3388747","-79.9797552","1"
"307","NeedGoogleMapsAPIKey","40.339161","-79.9801005","1"
"308","NeedGoogleMapsAPIKey","40.3392945","-79.9784114","1"
"309","NeedGoogleMapsAPIKey","40.3399017","-79.9810718","1"
"310","NeedGoogleMapsAPIKey","40.3387709","-79.9804099","1"
"311","NeedGoogleMapsAPIKey","40.3397867","-79.9795859","1"
"312","NeedGoogleMapsAPIKey","40.3382456","-79.9806149","1"
"313","NeedGoogleMapsAPIKey","40.3399017","-79.9810718","1"
"314","NeedGoogleMapsAPIKey","40.3384872","-79.9786534","1"
"315","NeedGoogleMapsAPIKey","40.3396697","-79.9794219","1"
"316","NeedGoogleMapsAPIKey","40.3392113","-79.9792536","1"
"317","NeedGoogleMapsAPIKey","40.3400673","-79.9804791","1"
"318","NeedGoogleMapsAPIKey","40.3404606","-79.9800893","1"
"319","NeedGoogleMapsAPIKey","40.3388747","-79.9797552","1"
"320","NeedGoogleMapsAPIKey","40.3387709","-79.9804099","1"
"321","NeedGoogleMapsAPIKey","40.3386842","-79.9822395","1"
"322","NeedGoogleMapsAPIKey","40.3394299","-79.979617","1"
"323","NeedGoogleMapsAPIKey","40.3396465","-79.9808592","1"
"324","NeedGoogleMapsAPIKey","40.3368038","-79.9786313","1"
"325","NeedGoogleMapsAPIKey","40.3384989","-79.9795863","1"
"326","NeedGoogleMapsAPIKey","40.3397867","-79.9795859","1"
"327","NeedGoogleMapsAPIKey","40.3396949","-79.9786948","1"
"328","NeedGoogleMapsAPIKey","40.3387709","-79.9804099","1"
"329","NeedGoogleMapsAPIKey","40.3400462","-79.9793904","1"
"330","NeedGoogleMapsAPIKey","40.3366559","-79.9802893","1"
"331","NeedGoogleMapsAPIKey","40.3387507","-79.9799464","1"
"332","NeedGoogleMapsAPIKey","40.3384989","-79.9795863","1"
"333","NeedGoogleMapsAPIKey","40.3388747","-79.9797552","1"
"334","NeedGoogleMapsAPIKey","40.3367163","-79.982008","1"
"335","NeedGoogleMapsAPIKey","40.3400462","-79.9793904","1"
"336","NeedGoogleMapsAPIKey","40.3393004","-79.9790846","1"
"337","NeedGoogleMapsAPIKey","40.3376459","-79.9822608","1"
"338","NeedGoogleMapsAPIKey","40.3396465","-79.9808592","1"
"339","NeedGoogleMapsAPIKey","40.3402181","-79.9793634","1"
"340","NeedGoogleMapsAPIKey","40.3392945","-79.9784114","1"
"341","NeedGoogleMapsAPIKey","40.3384933","-79.9781363","1"
"342","NeedGoogleMapsAPIKey","40.3397867","-79.9795859","1"
"343","NeedGoogleMapsAPIKey","40.3400673","-79.9804791","1"
"344","NeedGoogleMapsAPIKey","40.3392113","-79.9792536","1"
"345","NeedGoogleMapsAPIKey","40.3397867","-79.9795859","1"
"346","NeedGoogleMapsAPIKey","40.3398791","-79.9791004","1"
"347","NeedGoogleMapsAPIKey","40.3383404","-79.9797544","1"
"348","NeedGoogleMapsAPIKey","40.3392113","-79.9792536","1"
"349","NeedGoogleMapsAPIKey","40.3395423","-79.9785647","1"
"350","NeedGoogleMapsAPIKey","40.3399017","-79.9810718","1"
"351","NeedGoogleMapsAPIKey","40.3386443","-79.9802422","1"
"352","NeedGoogleMapsAPIKey","40.3396465","-79.9808592","1"
"353","NeedGoogleMapsAPIKey","40.3396465","-79.9808592","1"
"354","NeedGoogleMapsAPIKey","40.3386443","-79.9802422","1"
"355","NeedGoogleMapsAPIKey","40.3396949","-79.9786948","1"
"356","NeedGoogleMapsAPIKey","40.3383404","-79.9797544","1"
"357","NeedGoogleMapsAPIKey","40.3383404","-79.9797544","1"
"358","NeedGoogleMapsAPIKey","40.3374824","-79.9803762","1"
"359","NeedGoogleMapsAPIKey","40.338959","-79.9790241","1"
"360","NeedGoogleMapsAPIKey","40.3396949","-79.9786948","1"
"361","NeedGoogleMapsAPIKey","40.3399475","-79.9803792","1"
"362","NeedGoogleMapsAPIKey","40.3391256","-79.9789135","1"
"363","NeedGoogleMapsAPIKey","40.3387507","-79.9799464","1"
"364","NeedGoogleMapsAPIKey","40.3384989","-79.9795863","1"
"365","NeedGoogleMapsAPIKey","40.3390058","-79.9802957","1"
"366","NeedGoogleMapsAPIKey","40.3387507","-79.9799464","1"
"367","NeedGoogleMapsAPIKey","40.3385873","-79.9783412","1"
"368","NeedGoogleMapsAPIKey","40.3392769","-79.9795204","1"
"369","NeedGoogleMapsAPIKey","40.3386443","-79.9802422","1"
"370","NeedGoogleMapsAPIKey","40.3396465","-79.9808592","1"
"371","NeedGoogleMapsAPIKey","40.3396465","-79.9808592","1"
"372","NeedGoogleMapsAPIKey","40.3398875","-79.9789175","1"
"373","NeedGoogleMapsAPIKey","40.3372346","-79.982146","1"
"374","NeedGoogleMapsAPIKey","40.3385558","-79.982607","1"
"375","NeedGoogleMapsAPIKey","40.3400673","-79.9804791","1"
"376","NeedGoogleMapsAPIKey","40.3385873","-79.9783412","1"
"377","NeedGoogleMapsAPIKey","40.336816","-79.9818656","1"
"378","NeedGoogleMapsAPIKey","40.3396465","-79.9808592","1"
"379","NeedGoogleMapsAPIKey","40.3381131","-79.9825504","1"
"380","NeedGoogleMapsAPIKey","40.3396949","-79.9786948","1"
"381","NeedGoogleMapsAPIKey","40.3402181","-79.9793634","1"
"382","NeedGoogleMapsAPIKey","40.3392945","-79.9784114","1"
"383","NeedGoogleMapsAPIKey","40.3374879","-79.9816549","1"
"384","NeedGoogleMapsAPIKey","40.3384989","-79.9795863","1"
"385","NeedGoogleMapsAPIKey","40.3392932","-79.9804322","1"
"386","NeedGoogleMapsAPIKey","40.3372127","-79.9810594","1"
"387","NeedGoogleMapsAPIKey","40.3384933","-79.9781363","1"
"388","NeedGoogleMapsAPIKey","40.3425184","-79.9818053","1"
"389","NeedGoogleMapsAPIKey","40.343619","-79.9814227","1"
"390","NeedGoogleMapsAPIKey","40.3434873","-79.9821113","1"
"391","NeedGoogleMapsAPIKey","40.3414688","-79.9830692","1"
"392","NeedGoogleMapsAPIKey","40.3404582","-79.9816118","1"
"393","NeedGoogleMapsAPIKey","40.3419539","-79.9804434","1"
"394","NeedGoogleMapsAPIKey","40.3424065","-79.9809012","1"
"395","NeedGoogleMapsAPIKey","40.3414688","-79.9830692","1"
"396","NeedGoogleMapsAPIKey","40.3417569","-79.9820399","1"
"397","NeedGoogleMapsAPIKey","40.340393","-79.9814554","1"
"398","NeedGoogleMapsAPIKey","40.3414688","-79.9830692","1"
"399","NeedGoogleMapsAPIKey","40.3429038","-79.9806251","1"
"400","NeedGoogleMapsAPIKey","40.343028","-79.980889","1"
"401","NeedGoogleMapsAPIKey","40.3417569","-79.9820399","1"
"402","NeedGoogleMapsAPIKey","40.3433555","-79.9820403","1"
"403","NeedGoogleMapsAPIKey","40.3414688","-79.9830692","1"
"404","NeedGoogleMapsAPIKey","40.3414688","-79.9830692","1"
"405","NeedGoogleMapsAPIKey","40.3417569","-79.9820399","1"
"406","NeedGoogleMapsAPIKey","40.3417569","-79.9820399","1"
"407","NeedGoogleMapsAPIKey","40.3412418","-79.9808971","1"
"408","NeedGoogleMapsAPIKey","40.3433555","-79.9820403","1"
"409","NeedGoogleMapsAPIKey","40.3408172","-79.9815891","1"
"410","NeedGoogleMapsAPIKey","40.3429134","-79.9814926","1"
"411","NeedGoogleMapsAPIKey","40.3429105","-79.9820053","1"
"412","NeedGoogleMapsAPIKey","40.3422804","-79.9817633","1"
"413","NeedGoogleMapsAPIKey","40.3427604","-79.9819622","1"
"414","NeedGoogleMapsAPIKey","40.3417569","-79.9820399","1"
"415","NeedGoogleMapsAPIKey","40.3427604","-79.9819622","1"
"416","NeedGoogleMapsAPIKey","40.3414688","-79.9830692","1"
"417","NeedGoogleMapsAPIKey","40.3414171","-79.9809727","1"
"418","NeedGoogleMapsAPIKey","40.3417569","-79.9820399","1"
"419","NeedGoogleMapsAPIKey","40.3425184","-79.9818053","1"
"420","NeedGoogleMapsAPIKey","40.3414688","-79.9830692","1"
"421","NeedGoogleMapsAPIKey","40.3417569","-79.9820399","1"
"422","NeedGoogleMapsAPIKey","40.3434873","-79.9821113","1"
"423","NeedGoogleMapsAPIKey","40.3433555","-79.9820403","1"
"424","NeedGoogleMapsAPIKey","40.3436734","-79.9819274","1"
"425","NeedGoogleMapsAPIKey","40.3419039","-79.9807575","1"
"426","NeedGoogleMapsAPIKey","40.3414688","-79.9830692","1"
"427","NeedGoogleMapsAPIKey","40.3427079","-79.9806267","1"
"428","NeedGoogleMapsAPIKey","40.3429134","-79.9814926","1"
"429","NeedGoogleMapsAPIKey","40.3443385","-79.9817089","1"
"430","NeedGoogleMapsAPIKey","40.3419039","-79.9807575","1"
"431","NeedGoogleMapsAPIKey","40.3423697","-79.9819799","1"
"432","NeedGoogleMapsAPIKey","40.3425184","-79.9818053","1"
"433","NeedGoogleMapsAPIKey","40.3417569","-79.9820399","1"
"434","NeedGoogleMapsAPIKey","40.3417805","-79.9808913","1"
"435","NeedGoogleMapsAPIKey","40.3422804","-79.9817633","1"
"436","NeedGoogleMapsAPIKey","40.3414688","-79.9830692","1"
"437","NeedGoogleMapsAPIKey","40.3414688","-79.9830692","1"
"438","NeedGoogleMapsAPIKey","40.3417569","-79.9820399","1"
"439","NeedGoogleMapsAPIKey","40.3425184","-79.9818053","1"
"440","NeedGoogleMapsAPIKey","40.3404582","-79.9816118","1"
"441","NeedGoogleMapsAPIKey","40.3429105","-79.9820053","1"
"442","NeedGoogleMapsAPIKey","40.3417805","-79.9808913","1"
"443","NeedGoogleMapsAPIKey","40.3419539","-79.9804434","1"
"444","NeedGoogleMapsAPIKey","40.3430154","-79.9817389","1"
"445","NeedGoogleMapsAPIKey","40.3417569","-79.9820399","1"
"446","NeedGoogleMapsAPIKey","40.3414688","-79.9830692","1"
"447","NeedGoogleMapsAPIKey","40.3414688","-79.9830692","1"
"448","NeedGoogleMapsAPIKey","40.3408172","-79.9815891","1"
"449","NeedGoogleMapsAPIKey","40.3417569","-79.9820399","1"
"450","NeedGoogleMapsAPIKey","40.3417569","-79.9820399","1"
"451","NeedGoogleMapsAPIKey","40.3417569","-79.9820399","1"
"452","NeedGoogleMapsAPIKey","40.3408172","-79.9815891","1"
"453","NeedGoogleMapsAPIKey","40.3419977","-79.9842559","1"
"454","NeedGoogleMapsAPIKey","40.3414688","-79.9830692","1"
"455","NeedGoogleMapsAPIKey","40.3429105","-79.9820053","1"
"456","NeedGoogleMapsAPIKey","40.3421674","-79.9842951","1"
"457","NeedGoogleMapsAPIKey","40.3417569","-79.9820399","1"
"458","NeedGoogleMapsAPIKey","40.3414688","-79.9830692","1"
"459","NeedGoogleMapsAPIKey","40.3429134","-79.9814926","1"
"460","NeedGoogleMapsAPIKey","40.3417569","-79.9820399","1"
"461","NeedGoogleMapsAPIKey","40.3429134","-79.9814926","1"
"462","NeedGoogleMapsAPIKey","40.3425184","-79.9818053","1"
"463","NeedGoogleMapsAPIKey","40.3417569","-79.9820399","1"
"464","NeedGoogleMapsAPIKey","40.3408172","-79.9815891","1"
"465","NeedGoogleMapsAPIKey","40.3414688","-79.9830692","1"
"466","NeedGoogleMapsAPIKey","40.3437935","-79.9812673","1"
"467","NeedGoogleMapsAPIKey","40.3417569","-79.9820399","1"
"468","NeedGoogleMapsAPIKey","40.3425184","-79.9818053","1"
"469","NeedGoogleMapsAPIKey","40.3419039","-79.9807575","1"
"470","NeedGoogleMapsAPIKey","40.3430154","-79.9817389","1"
"471","NeedGoogleMapsAPIKey","40.3408172","-79.9815891","1"
"472","NeedGoogleMapsAPIKey","40.3414688","-79.9830692","1"
"473","NeedGoogleMapsAPIKey","40.3414688","-79.9830692","1"
"474","NeedGoogleMapsAPIKey","40.3417569","-79.9820399","1"
"475","NeedGoogleMapsAPIKey","40.3417569","-79.9820399","1"
"476","NeedGoogleMapsAPIKey","40.3414688","-79.9830692","1"
"477","NeedGoogleMapsAPIKey","40.3417569","-79.9820399","1"
"478","NeedGoogleMapsAPIKey","40.3443498","-79.981789","1"
"479","NeedGoogleMapsAPIKey","40.3414688","-79.9830692","1"
"480","NeedGoogleMapsAPIKey","40.3423171","-79.9808716","1"
"481","NeedGoogleMapsAPIKey","40.3408172","-79.9815891","1"
"482","NeedGoogleMapsAPIKey","40.3417569","-79.9820399","1"
"483","NeedGoogleMapsAPIKey","40.3417569","-79.9820399","1"
"484","NeedGoogleMapsAPIKey","40.340393","-79.9814554","1"
"485","NeedGoogleMapsAPIKey","40.3423697","-79.9819799","1"
"486","NeedGoogleMapsAPIKey","40.3436734","-79.9819274","1"
"487","NeedGoogleMapsAPIKey","40.3430154","-79.9817389","1"
"488","NeedGoogleMapsAPIKey","40.3414688","-79.9830692","1"
"489","NeedGoogleMapsAPIKey","40.3432109","-79.9808963","1"
"490","NeedGoogleMapsAPIKey","40.341742","-79.9815481","1"
"491","NeedGoogleMapsAPIKey","40.3417569","-79.9820399","1"
"492","NeedGoogleMapsAPIKey","40.3408172","-79.9815891","1"
"493","NeedGoogleMapsAPIKey","40.3417569","-79.9820399","1"
"494","NeedGoogleMapsAPIKey","40.343028","-79.980889","1"
"495","NeedGoogleMapsAPIKey","40.3414688","-79.9830692","1"
"496","NeedGoogleMapsAPIKey","40.3414688","-79.9830692","1"
"497","NeedGoogleMapsAPIKey","40.3412418","-79.9808971","1"
"498","NeedGoogleMapsAPIKey","40.3404582","-79.9816118","1"
"499","NeedGoogleMapsAPIKey","40.3414688","-79.9830692","1"
"500","NeedGoogleMapsAPIKey","40.3422804","-79.9817633","1"
"501","NeedGoogleMapsAPIKey","40.3408172","-79.9815891","1"
"502","NeedGoogleMapsAPIKey","40.3414688","-79.9830692","1"
"503","NeedGoogleMapsAPIKey","40.3414688","-79.9830692","1"
"504","NeedGoogleMapsAPIKey","40.3414688","-79.9830692","1"
"505","NeedGoogleMapsAPIKey","40.3414688","-79.9830692","1"
"506","NeedGoogleMapsAPIKey","40.3414688","-79.9830692","1"
"507","NeedGoogleMapsAPIKey","40.3424933","-79.981518","1"
"508","NeedGoogleMapsAPIKey","40.3412418","-79.9808971","1"
"509","NeedGoogleMapsAPIKey","40.3404582","-79.9816118","1"
"510","NeedGoogleMapsAPIKey","40.3427079","-79.9806267","1"
"511","NeedGoogleMapsAPIKey","40.343619","-79.9814227","1"
"512","NeedGoogleMapsAPIKey","40.340393","-79.9814554","1"
"513","NeedGoogleMapsAPIKey","40.3412418","-79.9808971","1"
"514","NeedGoogleMapsAPIKey","40.3407385","-79.9842947","1"
"515","NeedGoogleMapsAPIKey","40.3408172","-79.9815891","1"
"516","NeedGoogleMapsAPIKey","40.343619","-79.9814227","1"
"517","NeedGoogleMapsAPIKey","40.3432142","-79.981503","1"
"518","NeedGoogleMapsAPIKey","40.340393","-79.9814554","1"
"519","NeedGoogleMapsAPIKey","40.3426045","-79.9809059","1"
"520","NeedGoogleMapsAPIKey","40.3443607","-79.9818661","1"
"521","NeedGoogleMapsAPIKey","40.3434873","-79.9821113","1"
"522","NeedGoogleMapsAPIKey","40.3417569","-79.9820399","1"
"523","NeedGoogleMapsAPIKey","40.3422804","-79.9817633","1"
"524","NeedGoogleMapsAPIKey","40.3429038","-79.9806251","1"
"525","NeedGoogleMapsAPIKey","40.3436837","-79.9817263","1"
"526","NeedGoogleMapsAPIKey","40.3417569","-79.9820399","1"
"527","NeedGoogleMapsAPIKey","40.3417569","-79.9820399","1"
"528","NeedGoogleMapsAPIKey","40.3417569","-79.9820399","1"
"529","NeedGoogleMapsAPIKey","40.3414688","-79.9830692","1"
"530","NeedGoogleMapsAPIKey","40.3426207","-79.9844015","1"
"531","NeedGoogleMapsAPIKey","40.3432142","-79.981503","1"
"532","NeedGoogleMapsAPIKey","40.3432109","-79.9808963","1"
"533","NeedGoogleMapsAPIKey","40.3417805","-79.9808913","1"
"534","NeedGoogleMapsAPIKey","40.3414688","-79.9830692","1"
"535","NeedGoogleMapsAPIKey","40.3429134","-79.9814926","1"
"536","NeedGoogleMapsAPIKey","40.3429105","-79.9820053","1"
"537","NeedGoogleMapsAPIKey","40.3427604","-79.9819622","1"
"538","NeedGoogleMapsAPIKey","40.3417569","-79.9820399","1"
"539","NeedGoogleMapsAPIKey","40.3417805","-79.9808913","1"
"540","NeedGoogleMapsAPIKey","40.3419039","-79.9807575","1"
"541","NeedGoogleMapsAPIKey","40.3422804","-79.9817633","1"
"542","NeedGoogleMapsAPIKey","40.3436837","-79.9817263","1"
"543","NeedGoogleMapsAPIKey","40.3408172","-79.9815891","1"
"544","NeedGoogleMapsAPIKey","40.3423697","-79.9819799","1"
"545","NeedGoogleMapsAPIKey","40.3424933","-79.981518","1"
"546","NeedGoogleMapsAPIKey","40.343028","-79.980889","1"
"547","NeedGoogleMapsAPIKey","40.3427079","-79.9806267","1"
"548","NeedGoogleMapsAPIKey","40.3414688","-79.9830692","1"
"549","NeedGoogleMapsAPIKey","40.3408172","-79.9815891","1"
"550","NeedGoogleMapsAPIKey","40.3414688","-79.9830692","1"
"551","NeedGoogleMapsAPIKey","40.3419539","-79.9804434","1"
"552","NeedGoogleMapsAPIKey","40.3419539","-79.9804434","1"
"553","NeedGoogleMapsAPIKey","40.3430154","-79.9817389","1"
"554","NeedGoogleMapsAPIKey","40.3414688","-79.9830692","1"
"555","NeedGoogleMapsAPIKey","40.3414688","-79.9830692","1"
"556","NeedGoogleMapsAPIKey","40.3424065","-79.9809012","1"
"557","NeedGoogleMapsAPIKey","40.3414688","-79.9830692","1"
"558","NeedGoogleMapsAPIKey","40.3408172","-79.9815891","1"
"559","NeedGoogleMapsAPIKey","40.3417569","-79.9820399","1"
"560","NeedGoogleMapsAPIKey","40.340393","-79.9814554","1"
"561","NeedGoogleMapsAPIKey","40.3417569","-79.9820399","1"
"562","NeedGoogleMapsAPIKey","40.3408172","-79.9815891","1"
"563","NeedGoogleMapsAPIKey","40.3429134","-79.9814926","1"
"564","NeedGoogleMapsAPIKey","40.340393","-79.9814554","1"
"565","NeedGoogleMapsAPIKey","40.3425184","-79.9818053","1"
"566","NeedGoogleMapsAPIKey","40.3417569","-79.9820399","1"
"567","NeedGoogleMapsAPIKey","40.3417569","-79.9820399","1"
"568","NeedGoogleMapsAPIKey","40.3420059","-79.983972","1"
"569","NeedGoogleMapsAPIKey","40.3414688","-79.9830692","1"
"570","NeedGoogleMapsAPIKey","40.3417569","-79.9820399","1"
"571","NeedGoogleMapsAPIKey","40.343619","-79.9814227","1"
"572","NeedGoogleMapsAPIKey","40.3414688","-79.9830692","1"
"573","NeedGoogleMapsAPIKey","40.3408172","-79.9815891","1"
"574","NeedGoogleMapsAPIKey","40.3414688","-79.9830692","1"
"575","NeedGoogleMapsAPIKey","40.3417569","-79.9820399","1"
"576","NeedGoogleMapsAPIKey","40.3417569","-79.9820399","1"
"577","NeedGoogleMapsAPIKey","40.3423697","-79.9819799","1"
"578","NeedGoogleMapsAPIKey","40.3410353","-79.9809143","1"
"579","NeedGoogleMapsAPIKey","40.3432142","-79.981503","1"
"580","NeedGoogleMapsAPIKey","40.3417569","-79.9820399","1"
"581","NeedGoogleMapsAPIKey","40.3434873","-79.9821113","1"
"582","NeedGoogleMapsAPIKey","40.3417569","-79.9820399","1"
"583","NeedGoogleMapsAPIKey","40.3662524","-79.9696992","1"
"584","NeedGoogleMapsAPIKey","40.3658552","-79.9683559","1"
"585","NeedGoogleMapsAPIKey","40.3655137","-79.9666808","1"
"586","NeedGoogleMapsAPIKey","40.3650045","-79.9664263","1"
"587","NeedGoogleMapsAPIKey","40.3663414","-79.9685109","1"
"588","NeedGoogleMapsAPIKey","40.3664324","-79.967109","1"
"589","NeedGoogleMapsAPIKey","40.3662091","-79.9685853","1"
"590","NeedGoogleMapsAPIKey","40.3650045","-79.9664263","1"
"591","NeedGoogleMapsAPIKey","40.364701","-79.9681766","1"
"592","NeedGoogleMapsAPIKey","40.3642528","-79.9685255","1"
"593","NeedGoogleMapsAPIKey","40.3645087","-79.9669239","1"
"594","NeedGoogleMapsAPIKey","40.3660778","-79.9685293","1"
"595","NeedGoogleMapsAPIKey","40.3672554","-79.9687431","1"
"596","NeedGoogleMapsAPIKey","40.3658157","-79.9691301","1"
"597","NeedGoogleMapsAPIKey","40.3667994","-79.9679799","1"
"598","NeedGoogleMapsAPIKey","40.3650045","-79.9664263","1"
"599","NeedGoogleMapsAPIKey","40.3657161","-79.9670263","1"
"600","NeedGoogleMapsAPIKey","40.3638123","-79.9675382","1"
"601","NeedGoogleMapsAPIKey","40.364976","-79.9703697","1"
"602","NeedGoogleMapsAPIKey","40.3661056","-79.9697045","1"
"603","NeedGoogleMapsAPIKey","40.3651401","-79.9681907","1"
"604","NeedGoogleMapsAPIKey","40.3657161","-79.9670263","1"
"605","NeedGoogleMapsAPIKey","40.3666228","-79.9694239","1"
"606","NeedGoogleMapsAPIKey","40.3640491","-79.9689072","1"
"607","NeedGoogleMapsAPIKey","40.3645599","-79.9697044","1"
"608","NeedGoogleMapsAPIKey","40.3649742","-79.9679092","1"
"609","NeedGoogleMapsAPIKey","40.3657161","-79.9670263","1"
"610","NeedGoogleMapsAPIKey","40.3660395","-79.9667947","1"
"611","NeedGoogleMapsAPIKey","40.3661056","-79.9697045","1"
"612","NeedGoogleMapsAPIKey","40.3661056","-79.9697045","1"
"613","NeedGoogleMapsAPIKey","40.365314","-79.9691584","1"
"614","NeedGoogleMapsAPIKey","40.3665077","-79.9695451","1"
"615","NeedGoogleMapsAPIKey","40.365578","-79.9688807","1"
"616","NeedGoogleMapsAPIKey","40.3661056","-79.9697045","1"
"617","NeedGoogleMapsAPIKey","40.3672289","-79.9682733","1"
"618","NeedGoogleMapsAPIKey","40.3643757","-79.9686451","1"
"619","NeedGoogleMapsAPIKey","40.3660395","-79.9667947","1"
"620","NeedGoogleMapsAPIKey","40.3663358","-79.9683962","1"
"621","NeedGoogleMapsAPIKey","40.3654226","-79.9676378","1"
"622","NeedGoogleMapsAPIKey","40.3661589","-79.9685953","1"
"623","NeedGoogleMapsAPIKey","40.3650045","-79.9664263","1"
"624","NeedGoogleMapsAPIKey","40.3639235","-79.9698824","1"
"625","NeedGoogleMapsAPIKey","40.3660395","-79.9667947","1"
"626","NeedGoogleMapsAPIKey","40.3649671","-79.9686064","1"
"627","NeedGoogleMapsAPIKey","40.3661056","-79.9697045","1"
"628","NeedGoogleMapsAPIKey","40.3650045","-79.9664263","1"
"629","NeedGoogleMapsAPIKey","40.3672554","-79.9687431","1"
"630","NeedGoogleMapsAPIKey","40.3655137","-79.9666808","1"
"631","NeedGoogleMapsAPIKey","40.366947","-79.9678303","1"
"632","NeedGoogleMapsAPIKey","40.3642438","-79.9692048","1"
"633","NeedGoogleMapsAPIKey","40.3640076","-79.9696658","1"
"634","NeedGoogleMapsAPIKey","40.3666918","-79.9680919","1"
"635","NeedGoogleMapsAPIKey","40.3655137","-79.9666808","1"
"636","NeedGoogleMapsAPIKey","40.3657636","-79.9696216","1"
"637","NeedGoogleMapsAPIKey","40.3643892","-79.967056","1"
"638","NeedGoogleMapsAPIKey","40.3662063","-79.9692226","1"
"639","NeedGoogleMapsAPIKey","40.3663364","-79.9671644","1"
"640","NeedGoogleMapsAPIKey","40.3665077","-79.9695451","1"
"641","NeedGoogleMapsAPIKey","40.365889","-79.9683084","1"
"642","NeedGoogleMapsAPIKey","40.3655137","-79.9666808","1"
"643","NeedGoogleMapsAPIKey","40.3657502","-79.9691046","1"
"644","NeedGoogleMapsAPIKey","40.3661056","-79.9697045","1"
"645","NeedGoogleMapsAPIKey","40.3653394","-79.9675083","1"
"646","NeedGoogleMapsAPIKey","40.3670077","-79.968499","1"
"647","NeedGoogleMapsAPIKey","40.3671855","-79.9683192","1"
"648","NeedGoogleMapsAPIKey","40.3665077","-79.9695451","1"
"649","NeedGoogleMapsAPIKey","40.3657161","-79.9670263","1"
"650","NeedGoogleMapsAPIKey","40.3672554","-79.9687431","1"
"651","NeedGoogleMapsAPIKey","40.3654135","-79.9692927","1"
"652","NeedGoogleMapsAPIKey","40.3664962","-79.9682934","1"
"653","NeedGoogleMapsAPIKey","40.3673626","-79.9686471","1"
"654","NeedGoogleMapsAPIKey","40.3660395","-79.9667947","1"
"655","NeedGoogleMapsAPIKey","40.3672554","-79.9687431","1"
"656","NeedGoogleMapsAPIKey","40.3651438","-79.9688836","1"
"657","NeedGoogleMapsAPIKey","40.3673626","-79.9686471","1"
"658","NeedGoogleMapsAPIKey","40.366006","-79.9674799","1"
"659","NeedGoogleMapsAPIKey","40.3664908","-79.9669973","1"
"660","NeedGoogleMapsAPIKey","40.3666126","-79.9675442","1"
"661","NeedGoogleMapsAPIKey","40.3661056","-79.9697045","1"
"662","NeedGoogleMapsAPIKey","40.3662524","-79.9696992","1"
"663","NeedGoogleMapsAPIKey","40.3648706","-79.9702086","1"
"664","NeedGoogleMapsAPIKey","40.3646188","-79.9680558","1"
"665","NeedGoogleMapsAPIKey","40.3650045","-79.9664263","1"
"666","NeedGoogleMapsAPIKey","40.3670338","-79.9677406","1"
"667","NeedGoogleMapsAPIKey","40.3655355","-79.9694604","1"
"668","NeedGoogleMapsAPIKey","40.3655836","-79.9703738","1"
"669","NeedGoogleMapsAPIKey","40.3652299","-79.9690178","1"
"670","NeedGoogleMapsAPIKey","40.3664244","-79.9677385","1"
"671","NeedGoogleMapsAPIKey","40.3655137","-79.9666808","1"
"672","NeedGoogleMapsAPIKey","40.3650045","-79.9664263","1"
"673","NeedGoogleMapsAPIKey","40.3660395","-79.9667947","1"
"674","NeedGoogleMapsAPIKey","40.3672554","-79.9687431","1"
"675","NeedGoogleMapsAPIKey","40.3663627","-79.9671369","1"
"676","NeedGoogleMapsAPIKey","40.3659557","-79.9705993","1"
"677","NeedGoogleMapsAPIKey","40.3659319","-79.9692085","1"
"678","NeedGoogleMapsAPIKey","40.3665077","-79.9695451","1"
"679","NeedGoogleMapsAPIKey","40.3657161","-79.9670263","1"
"680","NeedGoogleMapsAPIKey","40.3647457","-79.9692661","1"
"681","NeedGoogleMapsAPIKey","40.3651106","-79.9672108","1"
"682","NeedGoogleMapsAPIKey","40.364535","-79.9689573","1"
"683","NeedGoogleMapsAPIKey","40.3672554","-79.9687431","1"
"684","NeedGoogleMapsAPIKey","40.3657161","-79.9670263","1"
"685","NeedGoogleMapsAPIKey","40.3655137","-79.9666808","1"
"686","NeedGoogleMapsAPIKey","40.3662524","-79.9696992","1"
"687","NeedGoogleMapsAPIKey","40.365668","-79.9695664","1"
"688","NeedGoogleMapsAPIKey","40.3655137","-79.9666808","1"
"689","NeedGoogleMapsAPIKey","40.3655137","-79.9666808","1"
"690","NeedGoogleMapsAPIKey","40.3655137","-79.9666808","1"
"691","NeedGoogleMapsAPIKey","40.3655137","-79.9666808","1"
"692","NeedGoogleMapsAPIKey","40.3662524","-79.9696992","1"
"693","NeedGoogleMapsAPIKey","40.3639598","-79.9687948","1"
"694","NeedGoogleMapsAPIKey","40.3650045","-79.9664263","1"
"695","NeedGoogleMapsAPIKey","40.3655137","-79.9666808","1"
"696","NeedGoogleMapsAPIKey","40.3663564","-79.9678124","1"
"697","NeedGoogleMapsAPIKey","40.3635871","-79.9696847","1"
"698","NeedGoogleMapsAPIKey","40.3666228","-79.9694239","1"
"699","NeedGoogleMapsAPIKey","40.3662524","-79.9696992","1"
"700","NeedGoogleMapsAPIKey","40.3660395","-79.9667947","1"
"701","NeedGoogleMapsAPIKey","40.3672402","-79.9674823","1"
"702","NeedGoogleMapsAPIKey","40.3636604","-79.969457","1"
"703","NeedGoogleMapsAPIKey","40.3650045","-79.9664263","1"
"704","NeedGoogleMapsAPIKey","40.3665834","-79.9682","1"
"705","NeedGoogleMapsAPIKey","40.3667774","-79.9673722","1"
"706","NeedGoogleMapsAPIKey","40.3657665","-79.9705554","1"
"707","NeedGoogleMapsAPIKey","40.3666228","-79.9694239","1"
"708","NeedGoogleMapsAPIKey","40.3650045","-79.9664263","1"
"709","NeedGoogleMapsAPIKey","40.3665077","-79.9695451","1"
"710","NeedGoogleMapsAPIKey","40.3666226","-79.9681604","1"
"711","NeedGoogleMapsAPIKey","40.3657161","-79.9670263","1"
"712","NeedGoogleMapsAPIKey","40.3670338","-79.9677406","1"
"713","NeedGoogleMapsAPIKey","40.3644469","-79.9695245","1"
"714","NeedGoogleMapsAPIKey","40.3665077","-79.9695451","1"
"715","NeedGoogleMapsAPIKey","40.3661187","-79.9674056","1"
"716","NeedGoogleMapsAPIKey","40.3672752","-79.9674442","1"
"717","NeedGoogleMapsAPIKey","40.3673626","-79.9686471","1"
"718","NeedGoogleMapsAPIKey","40.3666228","-79.9694239","1"
"719","NeedGoogleMapsAPIKey","40.3672554","-79.9687431","1"
"720","NeedGoogleMapsAPIKey","40.3658099","-79.9696432","1"
"721","NeedGoogleMapsAPIKey","40.3672554","-79.9687431","1"
"722","NeedGoogleMapsAPIKey","40.3650045","-79.9664263","1"
"723","NeedGoogleMapsAPIKey","40.3646597","-79.9698671","1"
"724","NeedGoogleMapsAPIKey","40.3656727","-79.9681049","1"
"725","NeedGoogleMapsAPIKey","40.3672554","-79.9687431","1"
"726","NeedGoogleMapsAPIKey","40.3655137","-79.9666808","1"
"727","NeedGoogleMapsAPIKey","40.3669685","-79.968539","1"
"728","NeedGoogleMapsAPIKey","40.3660395","-79.9667947","1"
"729","NeedGoogleMapsAPIKey","40.3665077","-79.9695451","1"
"730","NeedGoogleMapsAPIKey","40.3668532","-79.9686501","1"
"731","NeedGoogleMapsAPIKey","40.3660395","-79.9667947","1"
"732","NeedGoogleMapsAPIKey","40.3672554","-79.9687431","1"
"733","NeedGoogleMapsAPIKey","40.3657161","-79.9670263","1"
"734","NeedGoogleMapsAPIKey","40.3666228","-79.9694239","1"
"735","NeedGoogleMapsAPIKey","40.3673626","-79.9686471","1"
"736","NeedGoogleMapsAPIKey","40.3662732","-79.9679073","1"
"737","NeedGoogleMapsAPIKey","40.3651476","-79.9656268","1"
"738","NeedGoogleMapsAPIKey","40.3669792","-79.964427","1"
"739","NeedGoogleMapsAPIKey","40.3663426","-79.9643836","1"
"740","NeedGoogleMapsAPIKey","40.3668747","-79.9666006","1"
"741","NeedGoogleMapsAPIKey","40.3648037","-79.9642718","1"
"742","NeedGoogleMapsAPIKey","40.365394","-79.9658997","1"
"743","NeedGoogleMapsAPIKey","40.3655205","-79.9653959","1"
"744","NeedGoogleMapsAPIKey","40.3651476","-79.9656268","1"
"745","NeedGoogleMapsAPIKey","40.3660018","-79.9660855","1"
"746","NeedGoogleMapsAPIKey","40.3663426","-79.9643836","1"
"747","NeedGoogleMapsAPIKey","40.3673137","-79.9655338","1"
"748","NeedGoogleMapsAPIKey","40.3669792","-79.964427","1"
"749","NeedGoogleMapsAPIKey","40.365394","-79.9658997","1"
"750","NeedGoogleMapsAPIKey","40.3651476","-79.9656268","1"
"751","NeedGoogleMapsAPIKey","40.3652998","-79.9645802","1"
"752","NeedGoogleMapsAPIKey","40.3651476","-79.9656268","1"
"753","NeedGoogleMapsAPIKey","40.3642305","-79.9647561","1"
"754","NeedGoogleMapsAPIKey","40.3663426","-79.9643836","1"
"755","NeedGoogleMapsAPIKey","40.3680726","-79.9660457","1"
"756","NeedGoogleMapsAPIKey","40.3652998","-79.9645802","1"
"757","NeedGoogleMapsAPIKey","40.3648037","-79.9642718","1"
"758","NeedGoogleMapsAPIKey","40.3669385","-79.965553","1"
"759","NeedGoogleMapsAPIKey","40.3677971","-79.9649039","1"
"760","NeedGoogleMapsAPIKey","40.3681748","-79.9655301","1"
"761","NeedGoogleMapsAPIKey","40.3660018","-79.9660855","1"
"762","NeedGoogleMapsAPIKey","40.3660018","-79.9660855","1"
"763","NeedGoogleMapsAPIKey","40.3666918","-79.9660446","1"
"764","NeedGoogleMapsAPIKey","40.3680726","-79.9660457","1"
"765","NeedGoogleMapsAPIKey","40.3668747","-79.9666006","1"
"766","NeedGoogleMapsAPIKey","40.3660319","-79.9638454","1"
"767","NeedGoogleMapsAPIKey","40.3660018","-79.9660855","1"
"768","NeedGoogleMapsAPIKey","40.3669385","-79.965553","1"
"769","NeedGoogleMapsAPIKey","40.3666918","-79.9660446","1"
"770","NeedGoogleMapsAPIKey","40.3660018","-79.9660855","1"
"771","NeedGoogleMapsAPIKey","40.3681748","-79.9655301","1"
"772","NeedGoogleMapsAPIKey","40.3666918","-79.9660446","1"
"773","NeedGoogleMapsAPIKey","40.3663708","-79.9664483","1"
"774","NeedGoogleMapsAPIKey","40.3660018","-79.9660855","1"
"775","NeedGoogleMapsAPIKey","40.3670141","-79.9650651","1"
"776","NeedGoogleMapsAPIKey","40.365394","-79.9658997","1"
"777","NeedGoogleMapsAPIKey","40.3663708","-79.9664483","1"
"778","NeedGoogleMapsAPIKey","40.3663426","-79.9643836","1"
"779","NeedGoogleMapsAPIKey","40.3681748","-79.9655301","1"
"780","NeedGoogleMapsAPIKey","40.3663426","-79.9643836","1"
"781","NeedGoogleMapsAPIKey","40.3663426","-79.9643836","1"
"782","NeedGoogleMapsAPIKey","40.3670702","-79.9670317","1"
"783","NeedGoogleMapsAPIKey","40.3642305","-79.9647561","1"
"784","NeedGoogleMapsAPIKey","40.3674251","-79.9665285","1"
"785","NeedGoogleMapsAPIKey","40.3669385","-79.965553","1"
"786","NeedGoogleMapsAPIKey","40.3669792","-79.964427","1"
"787","NeedGoogleMapsAPIKey","40.3663426","-79.9643836","1"
"788","NeedGoogleMapsAPIKey","40.3660018","-79.9660855","1"
"789","NeedGoogleMapsAPIKey","40.3648037","-79.9642718","1"
"790","NeedGoogleMapsAPIKey","40.3655205","-79.9653959","1"
"791","NeedGoogleMapsAPIKey","40.3675438","-79.9663809","1"
"792","NeedGoogleMapsAPIKey","40.3670702","-79.9670317","1"
"793","NeedGoogleMapsAPIKey","40.3668747","-79.9666006","1"
"794","NeedGoogleMapsAPIKey","40.3668747","-79.9666006","1"
"795","NeedGoogleMapsAPIKey","40.3660018","-79.9660855","1"
"796","NeedGoogleMapsAPIKey","40.3660018","-79.9660855","1"
"797","NeedGoogleMapsAPIKey","40.3648037","-79.9642718","1"
"798","NeedGoogleMapsAPIKey","40.3680726","-79.9660457","1"
"799","NeedGoogleMapsAPIKey","40.3677812","-79.966656","1"
"800","NeedGoogleMapsAPIKey","40.3660018","-79.9660855","1"
"801","NeedGoogleMapsAPIKey","40.3663426","-79.9643836","1"
"802","NeedGoogleMapsAPIKey","40.3676327","-79.9661537","1"
"803","NeedGoogleMapsAPIKey","40.3669792","-79.964427","1"
"804","NeedGoogleMapsAPIKey","40.3676852","-79.9668519","1"
"805","NeedGoogleMapsAPIKey","40.3660018","-79.9660855","1"
"806","NeedGoogleMapsAPIKey","40.3660018","-79.9660855","1"
"807","NeedGoogleMapsAPIKey","40.3665789","-79.9648298","1"
"808","NeedGoogleMapsAPIKey","40.3663708","-79.9664483","1"
"809","NeedGoogleMapsAPIKey","40.3673779","-79.9673039","1"
"810","NeedGoogleMapsAPIKey","40.3670702","-79.9670317","1"
"811","NeedGoogleMapsAPIKey","40.3669385","-79.965553","1"
"812","NeedGoogleMapsAPIKey","40.3663426","-79.9643836","1"
"813","NeedGoogleMapsAPIKey","40.3666918","-79.9660446","1"
"814","NeedGoogleMapsAPIKey","40.3655205","-79.9653959","1"
"815","NeedGoogleMapsAPIKey","40.3670702","-79.9670317","1"
"816","NeedGoogleMapsAPIKey","40.3666918","-79.9660446","1"
"817","NeedGoogleMapsAPIKey","40.3668747","-79.9666006","1"
"818","NeedGoogleMapsAPIKey","40.3663426","-79.9643836","1"
"819","NeedGoogleMapsAPIKey","40.3668747","-79.9666006","1"
"820","NeedGoogleMapsAPIKey","40.3681748","-79.9655301","1"
"821","NeedGoogleMapsAPIKey","40.3669792","-79.964427","1"
"822","NeedGoogleMapsAPIKey","40.3663426","-79.9643836","1"
"823","NeedGoogleMapsAPIKey","40.3672239","-79.9658767","1"
"824","NeedGoogleMapsAPIKey","40.3670141","-79.9650651","1"
"825","NeedGoogleMapsAPIKey","40.3660018","-79.9660855","1"
"826","NeedGoogleMapsAPIKey","40.3663426","-79.9643836","1"
"827","NeedGoogleMapsAPIKey","40.3660018","-79.9660855","1"
"828","NeedGoogleMapsAPIKey","40.3666918","-79.9660446","1"
"829","NeedGoogleMapsAPIKey","40.3660018","-79.9660855","1"
"830","NeedGoogleMapsAPIKey","40.3668747","-79.9666006","1"
"831","NeedGoogleMapsAPIKey","40.3669385","-79.965553","1"
"832","NeedGoogleMapsAPIKey","40.3663426","-79.9643836","1"
"833","NeedGoogleMapsAPIKey","40.3680726","-79.9660457","1"
"834","NeedGoogleMapsAPIKey","40.3663708","-79.9664483","1"
"835","NeedGoogleMapsAPIKey","40.3648037","-79.9642718","1"
"836","NeedGoogleMapsAPIKey","40.3660018","-79.9660855","1"
"837","NeedGoogleMapsAPIKey","40.3670702","-79.9670317","1"
"838","NeedGoogleMapsAPIKey","40.3668747","-79.9666006","1"
"839","NeedGoogleMapsAPIKey","40.365394","-79.9658997","1"
"840","NeedGoogleMapsAPIKey","40.3660018","-79.9660855","1"
"841","NeedGoogleMapsAPIKey","40.3660018","-79.9660855","1"
"842","NeedGoogleMapsAPIKey","40.3647079","-79.9651873","1"
"843","NeedGoogleMapsAPIKey","40.3670141","-79.9650651","1"
"844","NeedGoogleMapsAPIKey","40.3673312","-79.9673602","1"
"845","NeedGoogleMapsAPIKey","40.3680726","-79.9660457","1"
"846","NeedGoogleMapsAPIKey","40.364999","-79.9648708","1"
"847","NeedGoogleMapsAPIKey","40.3655205","-79.9653959","1"
"848","NeedGoogleMapsAPIKey","40.3668747","-79.9666006","1"
"849","NeedGoogleMapsAPIKey","40.3660018","-79.9660855","1"
"850","NeedGoogleMapsAPIKey","40.3670141","-79.9650651","1"
"851","NeedGoogleMapsAPIKey","40.3680726","-79.9660457","1"
"852","NeedGoogleMapsAPIKey","40.364999","-79.9648708","1"
"853","NeedGoogleMapsAPIKey","40.3660018","-79.9660855","1"
"854","NeedGoogleMapsAPIKey","40.3660018","-79.9660855","1"
"855","NeedGoogleMapsAPIKey","40.3655205","-79.9653959","1"
"856","NeedGoogleMapsAPIKey","40.3677796","-79.9648664","1"
"857","NeedGoogleMapsAPIKey","40.3681748","-79.9655301","1"
"858","NeedGoogleMapsAPIKey","40.3681748","-79.9655301","1"
"859","NeedGoogleMapsAPIKey","40.3663426","-79.9643836","1"
"860","NeedGoogleMapsAPIKey","40.3663426","-79.9643836","1"
"861","NeedGoogleMapsAPIKey","40.3670141","-79.9650651","1"
"862","NeedGoogleMapsAPIKey","40.3660018","-79.9660855","1"
"863","NeedGoogleMapsAPIKey","40.3680726","-79.9660457","1"
"864","NeedGoogleMapsAPIKey","40.3663426","-79.9643836","1"
"865","NeedGoogleMapsAPIKey","40.3660018","-79.9660855","1"
"866","NeedGoogleMapsAPIKey","40.3644699","-79.9649907","1"
"867","NeedGoogleMapsAPIKey","40.3642305","-79.9647561","1"
"868","NeedGoogleMapsAPIKey","40.3644699","-79.9649907","1"
"869","NeedGoogleMapsAPIKey","40.3644699","-79.9649907","1"
"870","NeedGoogleMapsAPIKey","40.3666918","-79.9660446","1"
"871","NeedGoogleMapsAPIKey","40.3681748","-79.9655301","1"
"872","NeedGoogleMapsAPIKey","40.3670141","-79.9650651","1"
"873","NeedGoogleMapsAPIKey","40.3660018","-79.9660855","1"
"874","NeedGoogleMapsAPIKey","40.3680726","-79.9660457","1"
"875","NeedGoogleMapsAPIKey","40.3660018","-79.9660855","1"
"876","NeedGoogleMapsAPIKey","40.3670141","-79.9650651","1"
"877","NeedGoogleMapsAPIKey","40.3663426","-79.9643836","1"
"878","NeedGoogleMapsAPIKey","40.3660018","-79.9660855","1"
"879","NeedGoogleMapsAPIKey","40.3666918","-79.9660446","1"
"880","NeedGoogleMapsAPIKey","40.3666918","-79.9660446","1"
"881","NeedGoogleMapsAPIKey","40.3670141","-79.9650651","1"
"882","NeedGoogleMapsAPIKey","40.364999","-79.9648708","1"
"883","NeedGoogleMapsAPIKey","40.3644699","-79.9649907","1"
"884","NeedGoogleMapsAPIKey","40.3642305","-79.9647561","1"
"885","NeedGoogleMapsAPIKey","40.3640132","-79.9658472","1"
"886","NeedGoogleMapsAPIKey","40.3660018","-79.9660855","1"
"887","NeedGoogleMapsAPIKey","40.3660018","-79.9660855","1"
"888","NeedGoogleMapsAPIKey","40.3659692","-79.9639488","1"
"889","NeedGoogleMapsAPIKey","40.3669385","-79.965553","1"
"890","NeedGoogleMapsAPIKey","40.3680726","-79.9660457","1"
"891","NeedGoogleMapsAPIKey","40.3648037","-79.9642718","1"
"892","NeedGoogleMapsAPIKey","40.3651476","-79.9656268","1"
"893","NeedGoogleMapsAPIKey","40.3660018","-79.9660855","1"
"894","NeedGoogleMapsAPIKey","40.3668747","-79.9666006","1"
"895","NeedGoogleMapsAPIKey","40.3670702","-79.9670317","1"
"896","NeedGoogleMapsAPIKey","40.3668747","-79.9666006","1"
"897","NeedGoogleMapsAPIKey","40.3670141","-79.9650651","1"
"898","NeedGoogleMapsAPIKey","40.3642305","-79.9647561","1"
"899","NeedGoogleMapsAPIKey","40.364999","-79.9648708","1"
"900","NeedGoogleMapsAPIKey","40.3666918","-79.9660446","1"
"901","NeedGoogleMapsAPIKey","40.3663708","-79.9664483","1"
"902","NeedGoogleMapsAPIKey","40.3663708","-79.9664483","1"
"903","NeedGoogleMapsAPIKey","40.3681748","-79.9655301","1"
"904","NeedGoogleMapsAPIKey","40.3670702","-79.9670317","1"
"905","NeedGoogleMapsAPIKey","40.3651476","-79.9656268","1"
"906","NeedGoogleMapsAPIKey","40.3663426","-79.9643836","1"
"907","NeedGoogleMapsAPIKey","40.3660018","-79.9660855","1"
"908","NeedGoogleMapsAPIKey","40.364999","-79.9648708","1"
"909","NeedGoogleMapsAPIKey","40.3670702","-79.9670317","1"
"910","NeedGoogleMapsAPIKey","40.3664278","-79.9655111","1"
"911","NeedGoogleMapsAPIKey","40.3663426","-79.9643836","1"
"912","NeedGoogleMapsAPIKey","40.365394","-79.9658997","1"
"913","NeedGoogleMapsAPIKey","40.3668747","-79.9666006","1"
"914","NeedGoogleMapsAPIKey","40.3660018","-79.9660855","1"
"915","NeedGoogleMapsAPIKey","40.3660018","-79.9660855","1"
"916","NeedGoogleMapsAPIKey","40.3642305","-79.9647561","1"
"917","NeedGoogleMapsAPIKey","40.3648037","-79.9642718","1"
"918","NeedGoogleMapsAPIKey","40.3660018","-79.9660855","1"
"919","NeedGoogleMapsAPIKey","40.3660018","-79.9660855","1"
"920","NeedGoogleMapsAPIKey","40.3663426","-79.9643836","1"
"921","NeedGoogleMapsAPIKey","40.3663426","-79.9643836","1"
"922","NeedGoogleMapsAPIKey","40.3666918","-79.9660446","1"
"923","NeedGoogleMapsAPIKey","40.3660018","-79.9660855","1"
"924","NeedGoogleMapsAPIKey","40.3673102","-79.9655736","1"
"925","NeedGoogleMapsAPIKey","40.3670702","-79.9670317","1"
"926","NeedGoogleMapsAPIKey","40.3658341","-79.964187","1"
"927","NeedGoogleMapsAPIKey","40.3644699","-79.9649907","1"
"928","NeedGoogleMapsAPIKey","40.3663708","-79.9664483","1"
"929","NeedGoogleMapsAPIKey","40.364999","-79.9648708","1"
"930","NeedGoogleMapsAPIKey","40.365394","-79.9658997","1"
"931","NeedGoogleMapsAPIKey","40.364999","-79.9648708","1"
"932","NeedGoogleMapsAPIKey","40.3660018","-79.9660855","1"
"933","NeedGoogleMapsAPIKey","40.3660018","-79.9660855","1"
"934","NeedGoogleMapsAPIKey","40.3668747","-79.9666006","1"
"935","NeedGoogleMapsAPIKey","40.3642305","-79.9647561","1"
"936","NeedGoogleMapsAPIKey","40.3660018","-79.9660855","1"
"937","NeedGoogleMapsAPIKey","40.364927","-79.9654044","1"
"938","NeedGoogleMapsAPIKey","40.3669385","-79.965553","1"
"939","NeedGoogleMapsAPIKey","40.3663426","-79.9643836","1"
"940","NeedGoogleMapsAPIKey","40.366116","-79.9652762","1"
"941","NeedGoogleMapsAPIKey","40.364999","-79.9648708","1"
"942","NeedGoogleMapsAPIKey","40.3663426","-79.9643836","1"
"943","NeedGoogleMapsAPIKey","40.3666918","-79.9660446","1"
"944","NeedGoogleMapsAPIKey","40.3670141","-79.9650651","1"
"945","NeedGoogleMapsAPIKey","40.3666918","-79.9660446","1"
"946","NeedGoogleMapsAPIKey","40.3660018","-79.9660855","1"
"947","NeedGoogleMapsAPIKey","40.3663426","-79.9643836","1"
"948","NeedGoogleMapsAPIKey","40.3655205","-79.9653959","1"
"949","NeedGoogleMapsAPIKey","40.3680726","-79.9660457","1"
"950","NeedGoogleMapsAPIKey","40.3663426","-79.9643836","1"
"951","NeedGoogleMapsAPIKey","40.3681748","-79.9655301","1"
"952","NeedGoogleMapsAPIKey","40.364999","-79.9648708","1"
"953","NeedGoogleMapsAPIKey","40.3663426","-79.9643836","1"
"954","NeedGoogleMapsAPIKey","40.3660018","-79.9660855","1"
"955","NeedGoogleMapsAPIKey","40.3670702","-79.9670317","1"
"956","NeedGoogleMapsAPIKey","40.3651476","-79.9656268","1"
"957","NeedGoogleMapsAPIKey","40.3680726","-79.9660457","1"
"958","NeedGoogleMapsAPIKey","40.3648037","-79.9642718","1"
"959","NeedGoogleMapsAPIKey","40.3648037","-79.9642718","1"
"960","NeedGoogleMapsAPIKey","40.3671632","-79.9660972","1"
"961","NeedGoogleMapsAPIKey","40.3681748","-79.9655301","1"
"962","NeedGoogleMapsAPIKey","40.3666203","-79.96469","1"
"963","NeedGoogleMapsAPIKey","40.3660018","-79.9660855","1"
"964","NeedGoogleMapsAPIKey","40.3670141","-79.9650651","1"
"965","NeedGoogleMapsAPIKey","40.3681748","-79.9655301","1"
"966","NeedGoogleMapsAPIKey","40.3681748","-79.9655301","1"
"967","NeedGoogleMapsAPIKey","40.3663708","-79.9664483","1"
"968","NeedGoogleMapsAPIKey","40.3660018","-79.9660855","1"
"969","NeedGoogleMapsAPIKey","40.3646648","-79.9651453","1"
"970","NeedGoogleMapsAPIKey","40.3677251","-79.9658443","1"
"971","NeedGoogleMapsAPIKey","40.3670141","-79.9650651","1"
"972","NeedGoogleMapsAPIKey","40.3670702","-79.9670317","1"
"973","NeedGoogleMapsAPIKey","40.3660018","-79.9660855","1"
"974","NeedGoogleMapsAPIKey","40.3670768","-79.9661949","1"
"975","NeedGoogleMapsAPIKey","40.3666918","-79.9660446","1"
"976","NeedGoogleMapsAPIKey","40.3660018","-79.9660855","1"
"977","NeedGoogleMapsAPIKey","40.364999","-79.9648708","1"
"978","NeedGoogleMapsAPIKey","40.3668747","-79.9666006","1"
"979","NeedGoogleMapsAPIKey","40.3660018","-79.9660855","1"
"980","NeedGoogleMapsAPIKey","40.3660018","-79.9660855","1"
"981","NeedGoogleMapsAPIKey","40.3644699","-79.9649907","1"
"982","NeedGoogleMapsAPIKey","40.3666918","-79.9660446","1"
"983","NeedGoogleMapsAPIKey","40.3676991","-79.9646221","1"
"984","NeedGoogleMapsAPIKey","40.3648037","-79.9642718","1"
"985","NeedGoogleMapsAPIKey","40.367371","-79.9654472","1"
"986","NeedGoogleMapsAPIKey","40.364999","-79.9648708","1"
"987","NeedGoogleMapsAPIKey","40.3681748","-79.9655301","1"
"988","NeedGoogleMapsAPIKey","40.3681748","-79.9655301","1"
"989","NeedGoogleMapsAPIKey","40.3681748","-79.9655301","1"
"990","NeedGoogleMapsAPIKey","40.3666918","-79.9660446","1"
"991","NeedGoogleMapsAPIKey","40.3663426","-79.9643836","1"
"992","NeedGoogleMapsAPIKey","40.3660018","-79.9660855","1"
"993","NeedGoogleMapsAPIKey","40.3674385","-79.9648355","1"
"994","NeedGoogleMapsAPIKey","40.3648037","-79.9642718","1"
"995","NeedGoogleMapsAPIKey","40.3660018","-79.9660855","1"
"996","NeedGoogleMapsAPIKey","40.3660018","-79.9660855","1"
"997","NeedGoogleMapsAPIKey","40.3670702","-79.9670317","1"
"998","NeedGoogleMapsAPIKey","40.3664588","-79.9653969","1"
"999","NeedGoogleMapsAPIKey","40.3653217","-79.9652386","1"
"1000","NeedGoogleMapsAPIKey","40.3655205","-79.9653959","1"
"1001","NeedGoogleMapsAPIKey","40.3660018","-79.9660855","1"
"1002","NeedGoogleMapsAPIKey","40.3681748","-79.9655301","1"
"1003","NeedGoogleMapsAPIKey","40.364999","-79.9648708","1"
"1004","NeedGoogleMapsAPIKey","40.3670702","-79.9670317","1"
"1005","NeedGoogleMapsAPIKey","40.3660018","-79.9660855","1"
"1006","NeedGoogleMapsAPIKey","40.3660018","-79.9660855","1"
"1007","NeedGoogleMapsAPIKey","40.3660116","-79.9638978","1"
"1008","NeedGoogleMapsAPIKey","40.367661","-79.9659223","1"
"1","J.E. Harrison Education Ctr","40.351334","-80.00282"
